,Filter: 200A max (per ESC); 260A max (per parallel Battery).,Motor,Battery,Drive System,Speed Control
0,,Plettenberg HP 370/50/A2; 360rpm/V; 1.706A no-load; 0.066 Ohms.,Thunder Power TP5200 (G4 ProRace 50C) (50C); 12 cells; 5200mAh @ 3.7V; 0.001 Ohms/cell.,15/700 Direct Drive Propellers; 4 motors (parallel); 4 motors/prop; 8x9 (Pconst=1.31; Tconst=0.95) direct drive.,Suppo 200A; 4 controls (separate); 0.0008 Ohms; High rate.
1,,Plettenberg HP 370/50/A2; 360rpm/V; 1.706A no-load; 0.066 Ohms.,Thunder Power TP5200 (G4 ProRace 50C) (50C); 12 cells; 5200mAh @ 3.7V; 0.001 Ohms/cell.,15/700 Direct Drive Propellers; 4 motors (parallel); 4 motors/prop; 8x9 (Pconst=1.31; Tconst=0.95) direct drive.,Suppo 200A; 4 controls (separate); 0.0008 Ohms; High rate.
2,,Plettenberg HP 370/50/A2; 360rpm/V; 1.706A no-load; 0.066 Ohms.,Thunder Power TP5200 (G4 ProRace 50C) (50C); 12 cells; 5200mAh @ 3.7V; 0.001 Ohms/cell.,15/700 Direct Drive Propellers; 4 motors (parallel); 4 motors/prop; 8x9 (Pconst=1.31; Tconst=0.95) direct drive.,Suppo 200A; 4 controls (separate); 0.0008 Ohms; High rate.
3,,Plettenberg HP 370/50/A2; 360rpm/V; 1.706A no-load; 0.066 Ohms.,Thunder Power TP5200 (G4 ProRace 50C) (50C); 12 cells; 5200mAh @ 3.7V; 0.001 Ohms/cell.,15/700 Direct Drive Propellers; 4 motors (parallel); 4 motors/prop; 8x9 (Pconst=1.31; Tconst=0.95) direct drive.,Suppo 200A; 4 controls (separate); 0.0008 Ohms; High rate.
4,,Plettenberg HP 370/50/A2; 360rpm/V; 1.706A no-load; 0.066 Ohms.,Thunder Power TP5200 (G4 ProRace 50C) (50C); 12 cells; 5200mAh @ 3.7V; 0.001 Ohms/cell.,15/700 Direct Drive Propellers; 4 motors (parallel); 4 motors/prop; 8x9 (Pconst=1.31; Tconst=0.95) direct drive.,Suppo 200A; 4 controls (separate); 0.0008 Ohms; High rate.
5,,Plettenberg HP 370/50/A2; 360rpm/V; 1.706A no-load; 0.066 Ohms.,Thunder Power TP5200 (G4 ProRace 50C) (50C); 12 cells; 5200mAh @ 3.7V; 0.001 Ohms/cell.,15/700 Direct Drive Propellers; 4 motors (parallel); 4 motors/prop; 8x9 (Pconst=1.31; Tconst=0.95) direct drive.,Suppo 200A; 4 controls (separate); 0.0008 Ohms; High rate.
6,,Plettenberg HP 370/50/A2; 360rpm/V; 1.706A no-load; 0.066 Ohms.,Thunder Power TP5200 (G4 ProRace 50C) (50C); 12 cells; 5200mAh @ 3.7V; 0.001 Ohms/cell.,15/700 Direct Drive Propellers; 4 motors (parallel); 4 motors/prop; 8x9 (Pconst=1.31; Tconst=0.95) direct drive.,Suppo 200A; 4 controls (separate); 0.0008 Ohms; High rate.
7,,Plettenberg HP 370/50/A2; 360rpm/V; 1.706A no-load; 0.066 Ohms.,Thunder Power TP5200 (G4 ProRace 50C) (50C); 12 cells; 5200mAh @ 3.7V; 0.001 Ohms/cell.,15/700 Direct Drive Propellers; 4 motors (parallel); 4 motors/prop; 8x9 (Pconst=1.31; Tconst=0.95) direct drive.,Suppo 200A; 4 controls (separate); 0.0008 Ohms; High rate.
8,,Plettenberg HP 370/50/A2; 360rpm/V; 1.706A no-load; 0.066 Ohms.,Thunder Power TP5200 (G4 ProRace 50C) (50C); 12 cells; 5200mAh @ 3.7V; 0.001 Ohms/cell.,15/700 Direct Drive Propellers; 4 motors (parallel); 4 motors/prop; 8x9 (Pconst=1.31; Tconst=0.95) direct drive.,Suppo 200A; 4 controls (separate); 0.0008 Ohms; High rate.
9,,Plettenberg HP 370/50/A2; 360rpm/V; 1.706A no-load; 0.066 Ohms.,Thunder Power TP5200 (G4 ProRace 50C) (50C); 12 cells; 5200mAh @ 3.7V; 0.001 Ohms/cell.,15/700 Direct Drive Propellers; 4 motors (parallel); 4 motors/prop; 8x9 (Pconst=1.31; Tconst=0.95) direct drive.,Suppo 200A; 4 controls (separate); 0.0008 Ohms; High rate.
10,,Plettenberg HP 370/50/A2; 360rpm/V; 1.706A no-load; 0.066 Ohms.,Thunder Power TP5200 (G4 ProRace 50C) (50C); 12 cells; 5200mAh @ 3.7V; 0.001 Ohms/cell.,15/700 Direct Drive Propellers; 4 motors (parallel); 4 motors/prop; 8x9 (Pconst=1.31; Tconst=0.95) direct drive.,Suppo 200A; 4 controls (separate); 0.0008 Ohms; High rate.
11,,Plettenberg HP 370/50/A2; 360rpm/V; 1.706A no-load; 0.066 Ohms.,Thunder Power TP5200 (G4 ProRace 50C) (50C); 12 cells; 5200mAh @ 3.7V; 0.001 Ohms/cell.,15/700 Direct Drive Propellers; 4 motors (parallel); 4 motors/prop; 8x9 (Pconst=1.31; Tconst=0.95) direct drive.,Suppo 200A; 4 controls (separate); 0.0008 Ohms; High rate.
12,,Plettenberg HP 370/50/A2; 360rpm/V; 1.706A no-load; 0.066 Ohms.,Thunder Power TP5200 (G4 ProRace 50C) (50C); 12 cells; 5200mAh @ 3.7V; 0.001 Ohms/cell.,15/700 Direct Drive Propellers; 4 motors (parallel); 4 motors/prop; 8x9 (Pconst=1.31; Tconst=0.95) direct drive.,Suppo 200A; 4 controls (separate); 0.0008 Ohms; High rate.
13,,Plettenberg HP 370/50/A2; 360rpm/V; 1.706A no-load; 0.066 Ohms.,Thunder Power TP5200 (G4 ProRace 50C) (50C); 12 cells; 5200mAh @ 3.7V; 0.001 Ohms/cell.,15/700 Direct Drive Propellers; 4 motors (parallel); 4 motors/prop; 8x9 (Pconst=1.31; Tconst=0.95) direct drive.,Suppo 200A; 4 controls (separate); 0.0008 Ohms; High rate.
14,,Plettenberg HP 370/50/A2; 360rpm/V; 1.706A no-load; 0.066 Ohms.,Thunder Power TP5200 (G4 ProRace 50C) (50C); 12 cells; 5200mAh @ 3.7V; 0.001 Ohms/cell.,15/700 Direct Drive Propellers; 4 motors (parallel); 4 motors/prop; 8x9 (Pconst=1.31; Tconst=0.95) direct drive.,Suppo 200A; 4 controls (separate); 0.0008 Ohms; High rate.
15,,Plettenberg HP 370/50/A2; 360rpm/V; 1.706A no-load; 0.066 Ohms.,Thunder Power TP5200 (G4 ProRace 50C) (50C); 12 cells; 5200mAh @ 3.7V; 0.001 Ohms/cell.,15/700 Direct Drive Propellers; 4 motors (parallel); 4 motors/prop; 8x9 (Pconst=1.31; Tconst=0.95) direct drive.,Suppo 200A; 4 controls (separate); 0.0008 Ohms; High rate.
16,,Plettenberg HP 370/50/A2; 360rpm/V; 1.706A no-load; 0.066 Ohms.,Thunder Power TP5200 (G4 ProRace 50C) (50C); 12 cells; 5200mAh @ 3.7V; 0.001 Ohms/cell.,15/700 Direct Drive Propellers; 4 motors (parallel); 4 motors/prop; 8x9 (Pconst=1.31; Tconst=0.95) direct drive.,Suppo 200A; 4 controls (separate); 0.0008 Ohms; High rate.
17,,Plettenberg HP 370/50/A2; 360rpm/V; 1.706A no-load; 0.066 Ohms.,Thunder Power TP5200 (G4 ProRace 50C) (50C); 12 cells; 5200mAh @ 3.7V; 0.001 Ohms/cell.,15/700 Direct Drive Propellers; 4 motors (parallel); 4 motors/prop; 8x9 (Pconst=1.31; Tconst=0.95) direct drive.,Suppo 200A; 4 controls (separate); 0.0008 Ohms; High rate.
18,,Plettenberg HP 370/50/A2; 360rpm/V; 1.706A no-load; 0.066 Ohms.,Thunder Power TP5200 (G4 ProRace 50C) (50C); 12 cells; 5200mAh @ 3.7V; 0.001 Ohms/cell.,15/700 Direct Drive Propellers; 4 motors (parallel); 4 motors/prop; 8x9 (Pconst=1.31; Tconst=0.95) direct drive.,Suppo 200A; 4 controls (separate); 0.0008 Ohms; High rate.
19,,Plettenberg HP 370/50/A2; 360rpm/V; 1.706A no-load; 0.066 Ohms.,Thunder Power TP5200 (G4 ProRace 50C) (50C); 12 cells; 5200mAh @ 3.7V; 0.001 Ohms/cell.,15/700 Direct Drive Propellers; 4 motors (parallel); 4 motors/prop; 8x9 (Pconst=1.31; Tconst=0.95) direct drive.,Suppo 200A; 4 controls (separate); 0.0008 Ohms; High rate.
20,,Plettenberg HP 370/50/A2; 360rpm/V; 1.706A no-load; 0.066 Ohms.,Thunder Power TP5200 (G4 ProRace 50C) (50C); 12 cells; 5200mAh @ 3.7V; 0.001 Ohms/cell.,15/700 Direct Drive Propellers; 4 motors (parallel); 4 motors/prop; 8x9 (Pconst=1.31; Tconst=0.95) direct drive.,Suppo 200A; 4 controls (separate); 0.0008 Ohms; High rate.
21,,Plettenberg HP 370/50/A2; 360rpm/V; 1.706A no-load; 0.066 Ohms.,Thunder Power TP5200 (G4 ProRace 50C) (50C); 12 cells; 5200mAh @ 3.7V; 0.001 Ohms/cell.,15/700 Direct Drive Propellers; 4 motors (parallel); 4 motors/prop; 8x9 (Pconst=1.31; Tconst=0.95) direct drive.,Suppo 200A; 4 controls (separate); 0.0008 Ohms; High rate.
22,,Plettenberg HP 370/50/A2; 360rpm/V; 1.706A no-load; 0.066 Ohms.,Thunder Power TP5200 (G4 ProRace 50C) (50C); 12 cells; 5200mAh @ 3.7V; 0.001 Ohms/cell.,15/700 Direct Drive Propellers; 4 motors (parallel); 4 motors/prop; 8x9 (Pconst=1.31; Tconst=0.95) direct drive.,Suppo 200A; 4 controls (separate); 0.0008 Ohms; High rate.
23,,Plettenberg HP 370/50/A2; 360rpm/V; 1.706A no-load; 0.066 Ohms.,Thunder Power TP5200 (G4 ProRace 50C) (50C); 12 cells; 5200mAh @ 3.7V; 0.001 Ohms/cell.,15/700 Direct Drive Propellers; 4 motors (parallel); 4 motors/prop; 8x9 (Pconst=1.31; Tconst=0.95) direct drive.,Suppo 200A; 4 controls (separate); 0.0008 Ohms; High rate.
24,,Plettenberg HP 370/50/A2; 360rpm/V; 1.706A no-load; 0.066 Ohms.,Thunder Power TP5200 (G4 ProRace 50C) (50C); 12 cells; 5200mAh @ 3.7V; 0.001 Ohms/cell.,15/700 Direct Drive Propellers; 4 motors (parallel); 4 motors/prop; 8x9 (Pconst=1.31; Tconst=0.95) direct drive.,Suppo 200A; 4 controls (separate); 0.0008 Ohms; High rate.
25,,Plettenberg HP 370/50/A2; 360rpm/V; 1.706A no-load; 0.066 Ohms.,Thunder Power TP5200 (G4 ProRace 50C) (50C); 12 cells; 5200mAh @ 3.7V; 0.001 Ohms/cell.,15/700 Direct Drive Propellers; 4 motors (parallel); 4 motors/prop; 8x9 (Pconst=1.31; Tconst=0.95) direct drive.,Suppo 200A; 4 controls (separate); 0.0008 Ohms; High rate.
26,,Plettenberg HP 370/50/A2; 360rpm/V; 1.706A no-load; 0.066 Ohms.,Thunder Power TP5200 (G4 ProRace 50C) (50C); 12 cells; 5200mAh @ 3.7V; 0.001 Ohms/cell.,15/700 Direct Drive Propellers; 4 motors (parallel); 4 motors/prop; 8x9 (Pconst=1.31; Tconst=0.95) direct drive.,Suppo 200A; 4 controls (separate); 0.0008 Ohms; High rate.
27,,Plettenberg HP 370/50/A2; 360rpm/V; 1.706A no-load; 0.066 Ohms.,Thunder Power TP5200 (G4 ProRace 50C) (50C); 12 cells; 5200mAh @ 3.7V; 0.001 Ohms/cell.,15/700 Direct Drive Propellers; 4 motors (parallel); 4 motors/prop; 8x9 (Pconst=1.31; Tconst=0.95) direct drive.,Suppo 200A; 4 controls (separate); 0.0008 Ohms; High rate.
28,,Plettenberg HP 370/50/A2; 360rpm/V; 1.706A no-load; 0.066 Ohms.,Thunder Power TP5200 (G4 ProRace 50C) (50C); 12 cells; 5200mAh @ 3.7V; 0.001 Ohms/cell.,15/700 Direct Drive Propellers; 4 motors (parallel); 4 motors/prop; 8x9 (Pconst=1.31; Tconst=0.95) direct drive.,Suppo 200A; 4 controls (separate); 0.0008 Ohms; High rate.
29,,Plettenberg HP 370/50/A2; 360rpm/V; 1.706A no-load; 0.066 Ohms.,Thunder Power TP5200 (G4 ProRace 50C) (50C); 12 cells; 5200mAh @ 3.7V; 0.001 Ohms/cell.,15/700 Direct Drive Propellers; 4 motors (parallel); 4 motors/prop; 8x9 (Pconst=1.31; Tconst=0.95) direct drive.,Suppo 200A; 4 controls (separate); 0.0008 Ohms; High rate.
30,,Plettenberg HP 370/50/A2; 360rpm/V; 1.706A no-load; 0.066 Ohms.,Thunder Power TP5200 (G4 ProRace 50C) (50C); 12 cells; 5200mAh @ 3.7V; 0.001 Ohms/cell.,15/700 Direct Drive Propellers; 4 motors (parallel); 4 motors/prop; 8x9 (Pconst=1.31; Tconst=0.95) direct drive.,Suppo 200A; 4 controls (separate); 0.0008 Ohms; High rate.
31,,Plettenberg HP 370/50/A2; 360rpm/V; 1.706A no-load; 0.066 Ohms.,Thunder Power TP5200 (G4 ProRace 50C) (50C); 12 cells; 5200mAh @ 3.7V; 0.001 Ohms/cell.,15/700 Direct Drive Propellers; 4 motors (parallel); 4 motors/prop; 8x9 (Pconst=1.31; Tconst=0.95) direct drive.,Suppo 200A; 4 controls (separate); 0.0008 Ohms; High rate.
32,,Plettenberg HP 370/50/A2; 360rpm/V; 1.706A no-load; 0.066 Ohms.,Thunder Power TP5200 (G4 ProRace 50C) (50C); 12 cells; 5200mAh @ 3.7V; 0.001 Ohms/cell.,15/700 Direct Drive Propellers; 4 motors (parallel); 4 motors/prop; 8x9 (Pconst=1.31; Tconst=0.95) direct drive.,Suppo 200A; 4 controls (separate); 0.0008 Ohms; High rate.
33,,Plettenberg HP 370/50/A2; 360rpm/V; 1.706A no-load; 0.066 Ohms.,Thunder Power TP5200 (G4 ProRace 50C) (50C); 12 cells; 5200mAh @ 3.7V; 0.001 Ohms/cell.,15/700 Direct Drive Propellers; 4 motors (parallel); 4 motors/prop; 8x9 (Pconst=1.31; Tconst=0.95) direct drive.,Suppo 200A; 4 controls (separate); 0.0008 Ohms; High rate.
34,,Plettenberg HP 370/50/A2; 360rpm/V; 1.706A no-load; 0.066 Ohms.,Thunder Power TP5200 (G4 ProRace 50C) (50C); 12 cells; 5200mAh @ 3.7V; 0.001 Ohms/cell.,15/700 Direct Drive Propellers; 4 motors (parallel); 4 motors/prop; 8x9 (Pconst=1.31; Tconst=0.95) direct drive.,Suppo 200A; 4 controls (separate); 0.0008 Ohms; High rate.
35,,Plettenberg HP 370/50/A2; 360rpm/V; 1.706A no-load; 0.066 Ohms.,Thunder Power TP5200 (G4 ProRace 50C) (50C); 12 cells; 5200mAh @ 3.7V; 0.001 Ohms/cell.,15/700 Direct Drive Propellers; 4 motors (parallel); 4 motors/prop; 8x9 (Pconst=1.31; Tconst=0.95) direct drive.,Suppo 200A; 4 controls (separate); 0.0008 Ohms; High rate.
36,,Plettenberg HP 370/50/A2; 360rpm/V; 1.706A no-load; 0.066 Ohms.,Thunder Power TP5200 (G4 ProRace 50C) (50C); 12 cells; 5200mAh @ 3.7V; 0.001 Ohms/cell.,15/700 Direct Drive Propellers; 4 motors (parallel); 4 motors/prop; 8x9 (Pconst=1.31; Tconst=0.95) direct drive.,Suppo 200A; 4 controls (separate); 0.0008 Ohms; High rate.
37,,Plettenberg HP 370/50/A2; 360rpm/V; 1.706A no-load; 0.066 Ohms.,Thunder Power TP5200 (G4 ProRace 50C) (50C); 12 cells; 5200mAh @ 3.7V; 0.001 Ohms/cell.,15/700 Direct Drive Propellers; 4 motors (parallel); 4 motors/prop; 8x9 (Pconst=1.31; Tconst=0.95) direct drive.,Suppo 200A; 4 controls (separate); 0.0008 Ohms; High rate.
38,,Plettenberg HP 370/50/A2; 360rpm/V; 1.706A no-load; 0.066 Ohms.,Thunder Power TP5200 (G4 ProRace 50C) (50C); 12 cells; 5200mAh @ 3.7V; 0.001 Ohms/cell.,15/700 Direct Drive Propellers; 4 motors (parallel); 4 motors/prop; 8x9 (Pconst=1.31; Tconst=0.95) direct drive.,Suppo 200A; 4 controls (separate); 0.0008 Ohms; High rate.
39,,Plettenberg HP 370/50/A2; 360rpm/V; 1.706A no-load; 0.066 Ohms.,Thunder Power TP5200 (G4 ProRace 50C) (50C); 12 cells; 5200mAh @ 3.7V; 0.001 Ohms/cell.,15/700 Direct Drive Propellers; 4 motors (parallel); 4 motors/prop; 8x9 (Pconst=1.31; Tconst=0.95) direct drive.,Suppo 200A; 4 controls (separate); 0.0008 Ohms; High rate.
40,,Plettenberg HP 370/50/A2; 360rpm/V; 1.706A no-load; 0.066 Ohms.,Thunder Power TP5200 (G4 ProRace 50C) (50C); 12 cells; 5200mAh @ 3.7V; 0.001 Ohms/cell.,15/700 Direct Drive Propellers; 4 motors (parallel); 4 motors/prop; 8x9 (Pconst=1.31; Tconst=0.95) direct drive.,Suppo 200A; 4 controls (separate); 0.0008 Ohms; High rate.
41,,Plettenberg HP 370/50/A2; 360rpm/V; 1.706A no-load; 0.066 Ohms.,Thunder Power TP5200 (G4 ProRace 50C) (50C); 12 cells; 5200mAh @ 3.7V; 0.001 Ohms/cell.,15/700 Direct Drive Propellers; 4 motors (parallel); 4 motors/prop; 8x9 (Pconst=1.31; Tconst=0.95) direct drive.,Suppo 200A; 4 controls (separate); 0.0008 Ohms; High rate.
42,,Plettenberg HP 370/50/A2; 360rpm/V; 1.706A no-load; 0.066 Ohms.,Thunder Power TP5200 (G4 ProRace 50C) (50C); 12 cells; 5200mAh @ 3.7V; 0.001 Ohms/cell.,15/700 Direct Drive Propellers; 4 motors (parallel); 4 motors/prop; 8x9 (Pconst=1.31; Tconst=0.95) direct drive.,Suppo 200A; 4 controls (separate); 0.0008 Ohms; High rate.
43,,Plettenberg HP 370/50/A2; 360rpm/V; 1.706A no-load; 0.066 Ohms.,Thunder Power TP5200 (G4 ProRace 50C) (50C); 12 cells; 5200mAh @ 3.7V; 0.001 Ohms/cell.,15/700 Direct Drive Propellers; 4 motors (parallel); 4 motors/prop; 8x9 (Pconst=1.31; Tconst=0.95) direct drive.,Suppo 200A; 4 controls (separate); 0.0008 Ohms; High rate.
44,,Plettenberg HP 370/50/A2; 360rpm/V; 1.706A no-load; 0.066 Ohms.,Thunder Power TP5200 (G4 ProRace 50C) (50C); 12 cells; 5200mAh @ 3.7V; 0.001 Ohms/cell.,15/700 Direct Drive Propellers; 4 motors (parallel); 4 motors/prop; 8x9 (Pconst=1.31; Tconst=0.95) direct drive.,Suppo 200A; 4 controls (separate); 0.0008 Ohms; High rate.
45,,Plettenberg HP 370/50/A2; 360rpm/V; 1.706A no-load; 0.066 Ohms.,Thunder Power TP5200 (G4 ProRace 50C) (50C); 12 cells; 5200mAh @ 3.7V; 0.001 Ohms/cell.,15/700 Direct Drive Propellers; 4 motors (parallel); 4 motors/prop; 8x9 (Pconst=1.31; Tconst=0.95) direct drive.,Suppo 200A; 4 controls (separate); 0.0008 Ohms; High rate.
46,,Plettenberg HP 370/50/A2; 360rpm/V; 1.706A no-load; 0.066 Ohms.,Thunder Power TP5200 (G4 ProRace 50C) (50C); 12 cells; 5200mAh @ 3.7V; 0.001 Ohms/cell.,15/700 Direct Drive Propellers; 4 motors (parallel); 4 motors/prop; 8x9 (Pconst=1.31; Tconst=0.95) direct drive.,Suppo 200A; 4 controls (separate); 0.0008 Ohms; High rate.
47,,Plettenberg HP 370/50/A2; 360rpm/V; 1.706A no-load; 0.066 Ohms.,Thunder Power TP5200 (G4 ProRace 50C) (50C); 12 cells; 5200mAh @ 3.7V; 0.001 Ohms/cell.,15/700 Direct Drive Propellers; 4 motors (parallel); 4 motors/prop; 8x9 (Pconst=1.31; Tconst=0.95) direct drive.,Suppo 200A; 4 controls (separate); 0.0008 Ohms; High rate.
48,,Plettenberg HP 370/50/A2; 360rpm/V; 1.706A no-load; 0.066 Ohms.,Thunder Power TP5200 (G4 ProRace 50C) (50C); 12 cells; 5200mAh @ 3.7V; 0.001 Ohms/cell.,15/700 Direct Drive Propellers; 4 motors (parallel); 4 motors/prop; 8x9 (Pconst=1.31; Tconst=0.95) direct drive.,Suppo 200A; 4 controls (separate); 0.0008 Ohms; High rate.
49,,Plettenberg HP 370/50/A2; 360rpm/V; 1.706A no-load; 0.066 Ohms.,Thunder Power TP5200 (G4 ProRace 50C) (50C); 12 cells; 5200mAh @ 3.7V; 0.001 Ohms/cell.,15/700 Direct Drive Propellers; 4 motors (parallel); 4 motors/prop; 8x9 (Pconst=1.31; Tconst=0.95) direct drive.,Suppo 200A; 4 controls (separate); 0.0008 Ohms; High rate.
50,,Plettenberg HP 370/50/A2; 360rpm/V; 1.706A no-load; 0.066 Ohms.,Thunder Power TP5200 (G4 ProRace 50C) (50C); 12 cells; 5200mAh @ 3.7V; 0.001 Ohms/cell.,15/700 Direct Drive Propellers; 4 motors (parallel); 4 motors/prop; 8x9 (Pconst=1.31; Tconst=0.95) direct drive.,Suppo 200A; 4 controls (separate); 0.0008 Ohms; High rate.
51,,Plettenberg HP 370/50/A2; 360rpm/V; 1.706A no-load; 0.066 Ohms.,Thunder Power TP5200 (G4 ProRace 50C) (50C); 12 cells; 5200mAh @ 3.7V; 0.001 Ohms/cell.,15/700 Direct Drive Propellers; 4 motors (parallel); 4 motors/prop; 8x9 (Pconst=1.31; Tconst=0.95) direct drive.,Suppo 200A; 4 controls (separate); 0.0008 Ohms; High rate.
52,,Plettenberg HP 370/50/A2; 360rpm/V; 1.706A no-load; 0.066 Ohms.,Thunder Power TP5200 (G4 ProRace 50C) (50C); 12 cells; 5200mAh @ 3.7V; 0.001 Ohms/cell.,15/700 Direct Drive Propellers; 4 motors (parallel); 4 motors/prop; 8x9 (Pconst=1.31; Tconst=0.95) direct drive.,Suppo 200A; 4 controls (separate); 0.0008 Ohms; High rate.
53,,Plettenberg HP 370/50/A2; 360rpm/V; 1.706A no-load; 0.066 Ohms.,Thunder Power TP5200 (G4 ProRace 50C) (50C); 12 cells; 5200mAh @ 3.7V; 0.001 Ohms/cell.,15/700 Direct Drive Propellers; 4 motors (parallel); 4 motors/prop; 8x9 (Pconst=1.31; Tconst=0.95) direct drive.,Suppo 200A; 4 controls (separate); 0.0008 Ohms; High rate.
54,,Plettenberg HP 370/50/A2; 360rpm/V; 1.706A no-load; 0.066 Ohms.,Thunder Power TP5200 (G4 ProRace 50C) (50C); 12 cells; 5200mAh @ 3.7V; 0.001 Ohms/cell.,15/700 Direct Drive Propellers; 4 motors (parallel); 4 motors/prop; 8x9 (Pconst=1.31; Tconst=0.95) direct drive.,Suppo 200A; 4 controls (separate); 0.0008 Ohms; High rate.
55,,Plettenberg HP 370/50/A2; 360rpm/V; 1.706A no-load; 0.066 Ohms.,Thunder Power TP5200 (G4 ProRace 50C) (50C); 12 cells; 5200mAh @ 3.7V; 0.001 Ohms/cell.,15/700 Direct Drive Propellers; 4 motors (parallel); 4 motors/prop; 8x9 (Pconst=1.31; Tconst=0.95) direct drive.,Suppo 200A; 4 controls (separate); 0.0008 Ohms; High rate.
56,,Plettenberg HP 370/50/A2; 360rpm/V; 1.706A no-load; 0.066 Ohms.,Thunder Power TP5200 (G4 ProRace 50C) (50C); 12 cells; 5200mAh @ 3.7V; 0.001 Ohms/cell.,15/700 Direct Drive Propellers; 4 motors (parallel); 4 motors/prop; 8x9 (Pconst=1.31; Tconst=0.95) direct drive.,Suppo 200A; 4 controls (separate); 0.0008 Ohms; High rate.
57,,Plettenberg HP 370/50/A2; 360rpm/V; 1.706A no-load; 0.066 Ohms.,Thunder Power TP5200 (G4 ProRace 50C) (50C); 12 cells; 5200mAh @ 3.7V; 0.001 Ohms/cell.,15/700 Direct Drive Propellers; 4 motors (parallel); 4 motors/prop; 8x9 (Pconst=1.31; Tconst=0.95) direct drive.,Suppo 200A; 4 controls (separate); 0.0008 Ohms; High rate.
58,,Plettenberg HP 370/50/A2; 360rpm/V; 1.706A no-load; 0.066 Ohms.,Thunder Power TP5200 (G4 ProRace 50C) (50C); 12 cells; 5200mAh @ 3.7V; 0.001 Ohms/cell.,15/700 Direct Drive Propellers; 4 motors (parallel); 4 motors/prop; 8x9 (Pconst=1.31; Tconst=0.95) direct drive.,Suppo 200A; 4 controls (separate); 0.0008 Ohms; High rate.
59,,Plettenberg HP 370/50/A2; 360rpm/V; 1.706A no-load; 0.066 Ohms.,Thunder Power TP5200 (G4 ProRace 50C) (50C); 12 cells; 5200mAh @ 3.7V; 0.001 Ohms/cell.,15/700 Direct Drive Propellers; 4 motors (parallel); 4 motors/prop; 8x9 (Pconst=1.31; Tconst=0.95) direct drive.,Suppo 200A; 4 controls (separate); 0.0008 Ohms; High rate.
60,,Plettenberg HP 370/50/A2; 360rpm/V; 1.706A no-load; 0.066 Ohms.,Thunder Power TP5200 (G4 ProRace 50C) (50C); 12 cells; 5200mAh @ 3.7V; 0.001 Ohms/cell.,15/700 Direct Drive Propellers; 4 motors (parallel); 4 motors/prop; 8x9 (Pconst=1.31; Tconst=0.95) direct drive.,Suppo 200A; 4 controls (separate); 0.0008 Ohms; High rate.
61,,Plettenberg HP 370/50/A2; 360rpm/V; 1.706A no-load; 0.066 Ohms.,Thunder Power TP5200 (G4 ProRace 50C) (50C); 12 cells; 5200mAh @ 3.7V; 0.001 Ohms/cell.,15/700 Direct Drive Propellers; 4 motors (parallel); 4 motors/prop; 8x9 (Pconst=1.31; Tconst=0.95) direct drive.,Suppo 200A; 4 controls (separate); 0.0008 Ohms; High rate.
62,,Plettenberg HP 370/50/A2; 360rpm/V; 1.706A no-load; 0.066 Ohms.,Thunder Power TP5200 (G4 ProRace 50C) (50C); 12 cells; 5200mAh @ 3.7V; 0.001 Ohms/cell.,15/700 Direct Drive Propellers; 4 motors (parallel); 4 motors/prop; 8x9 (Pconst=1.31; Tconst=0.95) direct drive.,Suppo 200A; 4 controls (separate); 0.0008 Ohms; High rate.
63,,Plettenberg HP 370/50/A2; 360rpm/V; 1.706A no-load; 0.066 Ohms.,Thunder Power TP5200 (G4 ProRace 50C) (50C); 12 cells; 5200mAh @ 3.7V; 0.001 Ohms/cell.,15/700 Direct Drive Propellers; 4 motors (parallel); 4 motors/prop; 8x9 (Pconst=1.31; Tconst=0.95) direct drive.,Suppo 200A; 4 controls (separate); 0.0008 Ohms; High rate.
64,,Plettenberg HP 370/50/A2; 360rpm/V; 1.706A no-load; 0.066 Ohms.,Thunder Power TP5200 (G4 ProRace 50C) (50C); 12 cells; 5200mAh @ 3.7V; 0.001 Ohms/cell.,15/700 Direct Drive Propellers; 4 motors (parallel); 4 motors/prop; 8x9 (Pconst=1.31; Tconst=0.95) direct drive.,Suppo 200A; 4 controls (separate); 0.0008 Ohms; High rate.
65,,Plettenberg HP 370/50/A2; 360rpm/V; 1.706A no-load; 0.066 Ohms.,Thunder Power TP5200 (G4 ProRace 50C) (50C); 12 cells; 5200mAh @ 3.7V; 0.001 Ohms/cell.,15/700 Direct Drive Propellers; 4 motors (parallel); 4 motors/prop; 8x9 (Pconst=1.31; Tconst=0.95) direct drive.,Suppo 200A; 4 controls (separate); 0.0008 Ohms; High rate.
66,,Plettenberg HP 370/50/A2; 360rpm/V; 1.706A no-load; 0.066 Ohms.,Thunder Power TP5200 (G4 ProRace 50C) (50C); 12 cells; 5200mAh @ 3.7V; 0.001 Ohms/cell.,15/700 Direct Drive Propellers; 4 motors (parallel); 4 motors/prop; 8x9 (Pconst=1.31; Tconst=0.95) direct drive.,Suppo 200A; 4 controls (separate); 0.0008 Ohms; High rate.
67,,Plettenberg HP 370/50/A2; 360rpm/V; 1.706A no-load; 0.066 Ohms.,Thunder Power TP5200 (G4 ProRace 50C) (50C); 12 cells; 5200mAh @ 3.7V; 0.001 Ohms/cell.,15/700 Direct Drive Propellers; 4 motors (parallel); 4 motors/prop; 8x9 (Pconst=1.31; Tconst=0.95) direct drive.,Suppo 200A; 4 controls (separate); 0.0008 Ohms; High rate.
68,,Plettenberg HP 370/50/A2; 360rpm/V; 1.706A no-load; 0.066 Ohms.,Thunder Power TP5200 (G4 ProRace 50C) (50C); 12 cells; 5200mAh @ 3.7V; 0.001 Ohms/cell.,15/700 Direct Drive Propellers; 4 motors (parallel); 4 motors/prop; 8x9 (Pconst=1.31; Tconst=0.95) direct drive.,Suppo 200A; 4 controls (separate); 0.0008 Ohms; High rate.
69,,Plettenberg HP 370/50/A2; 360rpm/V; 1.706A no-load; 0.066 Ohms.,Thunder Power TP5200 (G4 ProRace 50C) (50C); 12 cells; 5200mAh @ 3.7V; 0.001 Ohms/cell.,15/700 Direct Drive Propellers; 4 motors (parallel); 4 motors/prop; 8x9 (Pconst=1.31; Tconst=0.95) direct drive.,Suppo 200A; 4 controls (separate); 0.0008 Ohms; High rate.
70,,Plettenberg HP 370/50/A2; 360rpm/V; 1.706A no-load; 0.066 Ohms.,Thunder Power TP5200 (G4 ProRace 50C) (50C); 12 cells; 5200mAh @ 3.7V; 0.001 Ohms/cell.,15/700 Direct Drive Propellers; 4 motors (parallel); 4 motors/prop; 8x9 (Pconst=1.31; Tconst=0.95) direct drive.,Suppo 200A; 4 controls (separate); 0.0008 Ohms; High rate.
71,,Plettenberg HP 370/50/A2; 360rpm/V; 1.706A no-load; 0.066 Ohms.,Thunder Power TP5200 (G4 ProRace 50C) (50C); 12 cells; 5200mAh @ 3.7V; 0.001 Ohms/cell.,15/700 Direct Drive Propellers; 4 motors (parallel); 4 motors/prop; 8x9 (Pconst=1.31; Tconst=0.95) direct drive.,Suppo 200A; 4 controls (separate); 0.0008 Ohms; High rate.
72,,Plettenberg HP 370/50/A2; 360rpm/V; 1.706A no-load; 0.066 Ohms.,Thunder Power TP5200 (G4 ProRace 50C) (50C); 12 cells; 5200mAh @ 3.7V; 0.001 Ohms/cell.,15/700 Direct Drive Propellers; 4 motors (parallel); 4 motors/prop; 8x9 (Pconst=1.31; Tconst=0.95) direct drive.,Suppo 200A; 4 controls (separate); 0.0008 Ohms; High rate.
73,,Plettenberg HP 370/50/A2; 360rpm/V; 1.706A no-load; 0.066 Ohms.,Thunder Power TP5200 (G4 ProRace 50C) (50C); 12 cells; 5200mAh @ 3.7V; 0.001 Ohms/cell.,15/700 Direct Drive Propellers; 4 motors (parallel); 4 motors/prop; 8x9 (Pconst=1.31; Tconst=0.95) direct drive.,Suppo 200A; 4 controls (separate); 0.0008 Ohms; High rate.
74,,Plettenberg HP 370/50/A2; 360rpm/V; 1.706A no-load; 0.066 Ohms.,Thunder Power TP5200 (G4 ProRace 50C) (50C); 12 cells; 5200mAh @ 3.7V; 0.001 Ohms/cell.,15/700 Direct Drive Propellers; 4 motors (parallel); 4 motors/prop; 8x9 (Pconst=1.31; Tconst=0.95) direct drive.,Suppo 200A; 4 controls (separate); 0.0008 Ohms; High rate.
75,,Plettenberg HP 370/50/A2; 360rpm/V; 1.706A no-load; 0.066 Ohms.,Thunder Power TP5200 (G4 ProRace 50C) (50C); 12 cells; 5200mAh @ 3.7V; 0.001 Ohms/cell.,15/700 Direct Drive Propellers; 4 motors (parallel); 4 motors/prop; 8x9 (Pconst=1.31; Tconst=0.95) direct drive.,Suppo 200A; 4 controls (separate); 0.0008 Ohms; High rate.
76,,Plettenberg HP 370/50/A2; 360rpm/V; 1.706A no-load; 0.066 Ohms.,Thunder Power TP5200 (G4 ProRace 50C) (50C); 12 cells; 5200mAh @ 3.7V; 0.001 Ohms/cell.,15/700 Direct Drive Propellers; 4 motors (parallel); 4 motors/prop; 8x9 (Pconst=1.31; Tconst=0.95) direct drive.,Suppo 200A; 4 controls (separate); 0.0008 Ohms; High rate.
77,,Plettenberg HP 370/50/A2; 360rpm/V; 1.706A no-load; 0.066 Ohms.,Thunder Power TP5200 (G4 ProRace 50C) (50C); 12 cells; 5200mAh @ 3.7V; 0.001 Ohms/cell.,15/700 Direct Drive Propellers; 4 motors (parallel); 4 motors/prop; 8x9 (Pconst=1.31; Tconst=0.95) direct drive.,Suppo 200A; 4 controls (separate); 0.0008 Ohms; High rate.
78,,Plettenberg HP 370/50/A2; 360rpm/V; 1.706A no-load; 0.066 Ohms.,Thunder Power TP5200 (G4 ProRace 50C) (50C); 12 cells; 5200mAh @ 3.7V; 0.001 Ohms/cell.,15/700 Direct Drive Propellers; 4 motors (parallel); 4 motors/prop; 8x9 (Pconst=1.31; Tconst=0.95) direct drive.,Suppo 200A; 4 controls (separate); 0.0008 Ohms; High rate.
79,,Plettenberg HP 370/50/A2; 360rpm/V; 1.706A no-load; 0.066 Ohms.,Thunder Power TP5200 (G4 ProRace 50C) (50C); 12 cells; 5200mAh @ 3.7V; 0.001 Ohms/cell.,15/700 Direct Drive Propellers; 4 motors (parallel); 4 motors/prop; 8x9 (Pconst=1.31; Tconst=0.95) direct drive.,Suppo 200A; 4 controls (separate); 0.0008 Ohms; High rate.
80,,Plettenberg HP 370/50/A2; 360rpm/V; 1.706A no-load; 0.066 Ohms.,Thunder Power TP5200 (G4 ProRace 50C) (50C); 12 cells; 5200mAh @ 3.7V; 0.001 Ohms/cell.,15/700 Direct Drive Propellers; 4 motors (parallel); 4 motors/prop; 8x9 (Pconst=1.31; Tconst=0.95) direct drive.,Suppo 200A; 4 controls (separate); 0.0008 Ohms; High rate.
81,,Plettenberg HP 370/50/A2; 360rpm/V; 1.706A no-load; 0.066 Ohms.,Thunder Power TP5200 (G4 ProRace 50C) (50C); 12 cells; 5200mAh @ 3.7V; 0.001 Ohms/cell.,15/700 Direct Drive Propellers; 4 motors (parallel); 4 motors/prop; 8x9 (Pconst=1.31; Tconst=0.95) direct drive.,Suppo 200A; 4 controls (separate); 0.0008 Ohms; High rate.
82,,Plettenberg HP 370/50/A2; 360rpm/V; 1.706A no-load; 0.066 Ohms.,Thunder Power TP5200 (G4 ProRace 50C) (50C); 12 cells; 5200mAh @ 3.7V; 0.001 Ohms/cell.,15/700 Direct Drive Propellers; 4 motors (parallel); 4 motors/prop; 8x9 (Pconst=1.31; Tconst=0.95) direct drive.,Suppo 200A; 4 controls (separate); 0.0008 Ohms; High rate.
83,,Plettenberg HP 370/50/A2; 360rpm/V; 1.706A no-load; 0.066 Ohms.,Thunder Power TP5200 (G4 ProRace 50C) (50C); 12 cells; 5200mAh @ 3.7V; 0.001 Ohms/cell.,15/700 Direct Drive Propellers; 4 motors (parallel); 4 motors/prop; 8x9 (Pconst=1.31; Tconst=0.95) direct drive.,Suppo 200A; 4 controls (separate); 0.0008 Ohms; High rate.
84,,Plettenberg HP 370/50/A2; 360rpm/V; 1.706A no-load; 0.066 Ohms.,Thunder Power TP5200 (G4 ProRace 50C) (50C); 12 cells; 5200mAh @ 3.7V; 0.001 Ohms/cell.,15/700 Direct Drive Propellers; 4 motors (parallel); 4 motors/prop; 8x9 (Pconst=1.31; Tconst=0.95) direct drive.,Suppo 200A; 4 controls (separate); 0.0008 Ohms; High rate.
85,,Plettenberg HP 370/50/A2; 360rpm/V; 1.706A no-load; 0.066 Ohms.,Thunder Power TP5200 (G4 ProRace 50C) (50C); 12 cells; 5200mAh @ 3.7V; 0.001 Ohms/cell.,15/700 Direct Drive Propellers; 4 motors (parallel); 4 motors/prop; 8x9 (Pconst=1.31; Tconst=0.95) direct drive.,Suppo 200A; 4 controls (separate); 0.0008 Ohms; High rate.
86,,Plettenberg HP 370/50/A2; 360rpm/V; 1.706A no-load; 0.066 Ohms.,Thunder Power TP5200 (G4 ProRace 50C) (50C); 12 cells; 5200mAh @ 3.7V; 0.001 Ohms/cell.,15/700 Direct Drive Propellers; 4 motors (parallel); 4 motors/prop; 8x9 (Pconst=1.31; Tconst=0.95) direct drive.,Suppo 200A; 4 controls (separate); 0.0008 Ohms; High rate.
87,,Plettenberg HP 370/50/A2; 360rpm/V; 1.706A no-load; 0.066 Ohms.,Thunder Power TP5200 (G4 ProRace 50C) (50C); 12 cells; 5200mAh @ 3.7V; 0.001 Ohms/cell.,15/700 Direct Drive Propellers; 4 motors (parallel); 4 motors/prop; 8x9 (Pconst=1.31; Tconst=0.95) direct drive.,Suppo 200A; 4 controls (separate); 0.0008 Ohms; High rate.
88,,Plettenberg HP 370/50/A2; 360rpm/V; 1.706A no-load; 0.066 Ohms.,Thunder Power TP5200 (G4 ProRace 50C) (50C); 12 cells; 5200mAh @ 3.7V; 0.001 Ohms/cell.,15/700 Direct Drive Propellers; 4 motors (parallel); 4 motors/prop; 8x9 (Pconst=1.31; Tconst=0.95) direct drive.,Suppo 200A; 4 controls (separate); 0.0008 Ohms; High rate.
89,,Plettenberg HP 370/50/A2; 360rpm/V; 1.706A no-load; 0.066 Ohms.,Thunder Power TP5200 (G4 ProRace 50C) (50C); 12 cells; 5200mAh @ 3.7V; 0.001 Ohms/cell.,15/700 Direct Drive Propellers; 4 motors (parallel); 4 motors/prop; 8x9 (Pconst=1.31; Tconst=0.95) direct drive.,Suppo 200A; 4 controls (separate); 0.0008 Ohms; High rate.
90,,Plettenberg HP 370/50/A2; 360rpm/V; 1.706A no-load; 0.066 Ohms.,Thunder Power TP5200 (G4 ProRace 50C) (50C); 12 cells; 5200mAh @ 3.7V; 0.001 Ohms/cell.,15/700 Direct Drive Propellers; 4 motors (parallel); 4 motors/prop; 8x9 (Pconst=1.31; Tconst=0.95) direct drive.,Suppo 200A; 4 controls (separate); 0.0008 Ohms; High rate.
91,,Plettenberg HP 370/50/A2; 360rpm/V; 1.706A no-load; 0.066 Ohms.,Thunder Power TP5200 (G4 ProRace 50C) (50C); 12 cells; 5200mAh @ 3.7V; 0.001 Ohms/cell.,15/700 Direct Drive Propellers; 4 motors (parallel); 4 motors/prop; 8x9 (Pconst=1.31; Tconst=0.95) direct drive.,Suppo 200A; 4 controls (separate); 0.0008 Ohms; High rate.
92,,Plettenberg HP 370/50/A2; 360rpm/V; 1.706A no-load; 0.066 Ohms.,Thunder Power TP5200 (G4 ProRace 50C) (50C); 12 cells; 5200mAh @ 3.7V; 0.001 Ohms/cell.,15/700 Direct Drive Propellers; 4 motors (parallel); 4 motors/prop; 8x9 (Pconst=1.31; Tconst=0.95) direct drive.,Suppo 200A; 4 controls (separate); 0.0008 Ohms; High rate.
93,,Plettenberg HP 370/50/A2; 360rpm/V; 1.706A no-load; 0.066 Ohms.,Thunder Power TP5200 (G4 ProRace 50C) (50C); 12 cells; 5200mAh @ 3.7V; 0.001 Ohms/cell.,15/700 Direct Drive Propellers; 4 motors (parallel); 4 motors/prop; 8x9 (Pconst=1.31; Tconst=0.95) direct drive.,Suppo 200A; 4 controls (separate); 0.0008 Ohms; High rate.
94,,Plettenberg HP 370/50/A2; 360rpm/V; 1.706A no-load; 0.066 Ohms.,Thunder Power TP5200 (G4 ProRace 50C) (50C); 12 cells; 5200mAh @ 3.7V; 0.001 Ohms/cell.,15/700 Direct Drive Propellers; 4 motors (parallel); 4 motors/prop; 8x9 (Pconst=1.31; Tconst=0.95) direct drive.,Suppo 200A; 4 controls (separate); 0.0008 Ohms; High rate.
95,,Plettenberg HP 370/50/A2; 360rpm/V; 1.706A no-load; 0.066 Ohms.,Thunder Power TP5200 (G4 ProRace 50C) (50C); 12 cells; 5200mAh @ 3.7V; 0.001 Ohms/cell.,15/700 Direct Drive Propellers; 4 motors (parallel); 4 motors/prop; 8x9 (Pconst=1.31; Tconst=0.95) direct drive.,Suppo 200A; 4 controls (separate); 0.0008 Ohms; High rate.
96,,Plettenberg HP 370/50/A2; 360rpm/V; 1.706A no-load; 0.066 Ohms.,Thunder Power TP5200 (G4 ProRace 50C) (50C); 12 cells; 5200mAh @ 3.7V; 0.001 Ohms/cell.,15/700 Direct Drive Propellers; 4 motors (parallel); 4 motors/prop; 8x9 (Pconst=1.31; Tconst=0.95) direct drive.,Suppo 200A; 4 controls (separate); 0.0008 Ohms; High rate.
97,,Plettenberg HP 370/50/A2; 360rpm/V; 1.706A no-load; 0.066 Ohms.,Thunder Power TP5200 (G4 ProRace 50C) (50C); 12 cells; 5200mAh @ 3.7V; 0.001 Ohms/cell.,15/700 Direct Drive Propellers; 4 motors (parallel); 4 motors/prop; 8x9 (Pconst=1.31; Tconst=0.95) direct drive.,Suppo 200A; 4 controls (separate); 0.0008 Ohms; High rate.
98,,Plettenberg HP 370/50/A2; 360rpm/V; 1.706A no-load; 0.066 Ohms.,Thunder Power TP5200 (G4 ProRace 50C) (50C); 12 cells; 5200mAh @ 3.7V; 0.001 Ohms/cell.,15/700 Direct Drive Propellers; 4 motors (parallel); 4 motors/prop; 8x9 (Pconst=1.31; Tconst=0.95) direct drive.,Suppo 200A; 4 controls (separate); 0.0008 Ohms; High rate.
99,,Plettenberg HP 370/50/A2; 360rpm/V; 1.706A no-load; 0.066 Ohms.,Thunder Power TP5200 (G4 ProRace 50C) (50C); 12 cells; 5200mAh @ 3.7V; 0.001 Ohms/cell.,15/700 Direct Drive Propellers; 4 motors (parallel); 4 motors/prop; 8x9 (Pconst=1.31; Tconst=0.95) direct drive.,Suppo 200A; 4 controls (separate); 0.0008 Ohms; High rate.
100,,Plettenberg HP 370/50/A2; 360rpm/V; 1.706A no-load; 0.066 Ohms.,Thunder Power TP5200 (G4 ProRace 50C) (50C); 12 cells; 5200mAh @ 3.7V; 0.001 Ohms/cell.,15/700 Direct Drive Propellers; 4 motors (parallel); 4 motors/prop; 8x9 (Pconst=1.31; Tconst=0.95) direct drive.,Suppo 200A; 4 controls (separate); 0.0008 Ohms; High rate.
101,,Plettenberg HP 370/50/A2; 360rpm/V; 1.706A no-load; 0.066 Ohms.,Thunder Power TP5200 (G4 ProRace 50C) (50C); 12 cells; 5200mAh @ 3.7V; 0.001 Ohms/cell.,15/700 Direct Drive Propellers; 4 motors (parallel); 4 motors/prop; 8x9 (Pconst=1.31; Tconst=0.95) direct drive.,Suppo 200A; 4 controls (separate); 0.0008 Ohms; High rate.
102,,Plettenberg HP 370/50/A2; 360rpm/V; 1.706A no-load; 0.066 Ohms.,Thunder Power TP5200 (G4 ProRace 50C) (50C); 12 cells; 5200mAh @ 3.7V; 0.001 Ohms/cell.,15/700 Direct Drive Propellers; 4 motors (parallel); 4 motors/prop; 8x9 (Pconst=1.31; Tconst=0.95) direct drive.,Suppo 200A; 4 controls (separate); 0.0008 Ohms; High rate.
103,,Plettenberg HP 370/50/A2; 360rpm/V; 1.706A no-load; 0.066 Ohms.,Thunder Power TP5200 (G4 ProRace 50C) (50C); 12 cells; 5200mAh @ 3.7V; 0.001 Ohms/cell.,15/700 Direct Drive Propellers; 4 motors (parallel); 4 motors/prop; 8x9 (Pconst=1.31; Tconst=0.95) direct drive.,Suppo 200A; 4 controls (separate); 0.0008 Ohms; High rate.
104,,Plettenberg HP 370/50/A2; 360rpm/V; 1.706A no-load; 0.066 Ohms.,Thunder Power TP5200 (G4 ProRace 50C) (50C); 12 cells; 5200mAh @ 3.7V; 0.001 Ohms/cell.,15/700 Direct Drive Propellers; 4 motors (parallel); 4 motors/prop; 8x9 (Pconst=1.31; Tconst=0.95) direct drive.,Suppo 200A; 4 controls (separate); 0.0008 Ohms; High rate.
105,,Plettenberg HP 370/50/A2; 360rpm/V; 1.706A no-load; 0.066 Ohms.,Thunder Power TP5200 (G4 ProRace 50C) (50C); 12 cells; 5200mAh @ 3.7V; 0.001 Ohms/cell.,15/700 Direct Drive Propellers; 4 motors (parallel); 4 motors/prop; 8x9 (Pconst=1.31; Tconst=0.95) direct drive.,Suppo 200A; 4 controls (separate); 0.0008 Ohms; High rate.
106,,Plettenberg HP 370/50/A2; 360rpm/V; 1.706A no-load; 0.066 Ohms.,Thunder Power TP5200 (G4 ProRace 50C) (50C); 12 cells; 5200mAh @ 3.7V; 0.001 Ohms/cell.,15/700 Direct Drive Propellers; 4 motors (parallel); 4 motors/prop; 8x9 (Pconst=1.31; Tconst=0.95) direct drive.,Suppo 200A; 4 controls (separate); 0.0008 Ohms; High rate.
107,,Plettenberg HP 370/50/A2; 360rpm/V; 1.706A no-load; 0.066 Ohms.,Thunder Power TP5200 (G4 ProRace 50C) (50C); 12 cells; 5200mAh @ 3.7V; 0.001 Ohms/cell.,15/700 Direct Drive Propellers; 4 motors (parallel); 4 motors/prop; 8x9 (Pconst=1.31; Tconst=0.95) direct drive.,Suppo 200A; 4 controls (separate); 0.0008 Ohms; High rate.
108,,Plettenberg HP 370/50/A2; 360rpm/V; 1.706A no-load; 0.066 Ohms.,Thunder Power TP5200 (G4 ProRace 50C) (50C); 12 cells; 5200mAh @ 3.7V; 0.001 Ohms/cell.,15/700 Direct Drive Propellers; 4 motors (parallel); 4 motors/prop; 8x9 (Pconst=1.31; Tconst=0.95) direct drive.,Suppo 200A; 4 controls (separate); 0.0008 Ohms; High rate.
109,,Plettenberg HP 370/50/A2; 360rpm/V; 1.706A no-load; 0.066 Ohms.,Thunder Power TP5200 (G4 ProRace 50C) (50C); 12 cells; 5200mAh @ 3.7V; 0.001 Ohms/cell.,15/700 Direct Drive Propellers; 4 motors (parallel); 4 motors/prop; 8x9 (Pconst=1.31; Tconst=0.95) direct drive.,Suppo 200A; 4 controls (separate); 0.0008 Ohms; High rate.
110,,Plettenberg HP 370/50/A2; 360rpm/V; 1.706A no-load; 0.066 Ohms.,Thunder Power TP5200 (G4 ProRace 50C) (50C); 12 cells; 5200mAh @ 3.7V; 0.001 Ohms/cell.,15/700 Direct Drive Propellers; 4 motors (parallel); 4 motors/prop; 8x9 (Pconst=1.31; Tconst=0.95) direct drive.,Suppo 200A; 4 controls (separate); 0.0008 Ohms; High rate.
111,,Plettenberg HP 370/50/A2; 360rpm/V; 1.706A no-load; 0.066 Ohms.,Thunder Power TP5200 (G4 ProRace 50C) (50C); 12 cells; 5200mAh @ 3.7V; 0.001 Ohms/cell.,15/700 Direct Drive Propellers; 4 motors (parallel); 4 motors/prop; 8x9 (Pconst=1.31; Tconst=0.95) direct drive.,Suppo 200A; 4 controls (separate); 0.0008 Ohms; High rate.
112,,Plettenberg HP 370/50/A2; 360rpm/V; 1.706A no-load; 0.066 Ohms.,Thunder Power TP5200 (G4 ProRace 50C) (50C); 12 cells; 5200mAh @ 3.7V; 0.001 Ohms/cell.,15/700 Direct Drive Propellers; 4 motors (parallel); 4 motors/prop; 8x9 (Pconst=1.31; Tconst=0.95) direct drive.,Suppo 200A; 4 controls (separate); 0.0008 Ohms; High rate.
113,,Plettenberg HP 370/50/A2; 360rpm/V; 1.706A no-load; 0.066 Ohms.,Thunder Power TP5200 (G4 ProRace 50C) (50C); 12 cells; 5200mAh @ 3.7V; 0.001 Ohms/cell.,15/700 Direct Drive Propellers; 4 motors (parallel); 4 motors/prop; 8x9 (Pconst=1.31; Tconst=0.95) direct drive.,Suppo 200A; 4 controls (separate); 0.0008 Ohms; High rate.
114,,Plettenberg HP 370/50/A2; 360rpm/V; 1.706A no-load; 0.066 Ohms.,Thunder Power TP5200 (G4 ProRace 50C) (50C); 12 cells; 5200mAh @ 3.7V; 0.001 Ohms/cell.,15/700 Direct Drive Propellers; 4 motors (parallel); 4 motors/prop; 8x9 (Pconst=1.31; Tconst=0.95) direct drive.,Suppo 200A; 4 controls (separate); 0.0008 Ohms; High rate.
115,,Plettenberg HP 370/50/A2; 360rpm/V; 1.706A no-load; 0.066 Ohms.,Thunder Power TP5200 (G4 ProRace 50C) (50C); 12 cells; 5200mAh @ 3.7V; 0.001 Ohms/cell.,15/700 Direct Drive Propellers; 4 motors (parallel); 4 motors/prop; 8x9 (Pconst=1.31; Tconst=0.95) direct drive.,Suppo 200A; 4 controls (separate); 0.0008 Ohms; High rate.
116,,Plettenberg HP 370/50/A2; 360rpm/V; 1.706A no-load; 0.066 Ohms.,Thunder Power TP5200 (G4 ProRace 50C) (50C); 12 cells; 5200mAh @ 3.7V; 0.001 Ohms/cell.,15/700 Direct Drive Propellers; 4 motors (parallel); 4 motors/prop; 8x9 (Pconst=1.31; Tconst=0.95) direct drive.,Suppo 200A; 4 controls (separate); 0.0008 Ohms; High rate.
117,,Plettenberg HP 370/50/A2; 360rpm/V; 1.706A no-load; 0.066 Ohms.,Thunder Power TP5200 (G4 ProRace 50C) (50C); 12 cells; 5200mAh @ 3.7V; 0.001 Ohms/cell.,15/700 Direct Drive Propellers; 4 motors (parallel); 4 motors/prop; 8x9 (Pconst=1.31; Tconst=0.95) direct drive.,Suppo 200A; 4 controls (separate); 0.0008 Ohms; High rate.
118,,Plettenberg HP 370/50/A2; 360rpm/V; 1.706A no-load; 0.066 Ohms.,Thunder Power TP5200 (G4 ProRace 50C) (50C); 12 cells; 5200mAh @ 3.7V; 0.001 Ohms/cell.,15/700 Direct Drive Propellers; 4 motors (parallel); 4 motors/prop; 8x9 (Pconst=1.31; Tconst=0.95) direct drive.,Suppo 200A; 4 controls (separate); 0.0008 Ohms; High rate.
119,,Plettenberg HP 370/50/A2; 360rpm/V; 1.706A no-load; 0.066 Ohms.,Thunder Power TP5200 (G4 ProRace 50C) (50C); 12 cells; 5200mAh @ 3.7V; 0.001 Ohms/cell.,15/700 Direct Drive Propellers; 4 motors (parallel); 4 motors/prop; 8x9 (Pconst=1.31; Tconst=0.95) direct drive.,Suppo 200A; 4 controls (separate); 0.0008 Ohms; High rate.
120,,Plettenberg HP 370/50/A2; 360rpm/V; 1.706A no-load; 0.066 Ohms.,Thunder Power TP5200 (G4 ProRace 50C) (50C); 12 cells; 5200mAh @ 3.7V; 0.001 Ohms/cell.,15/700 Direct Drive Propellers; 4 motors (parallel); 4 motors/prop; 8x9 (Pconst=1.31; Tconst=0.95) direct drive.,Suppo 200A; 4 controls (separate); 0.0008 Ohms; High rate.
121,,Plettenberg HP 370/50/A2; 360rpm/V; 1.706A no-load; 0.066 Ohms.,Thunder Power TP5200 (G4 ProRace 50C) (50C); 12 cells; 5200mAh @ 3.7V; 0.001 Ohms/cell.,15/700 Direct Drive Propellers; 4 motors (parallel); 4 motors/prop; 8x9 (Pconst=1.31; Tconst=0.95) direct drive.,Suppo 200A; 4 controls (separate); 0.0008 Ohms; High rate.
122,,Plettenberg HP 370/50/A2; 360rpm/V; 1.706A no-load; 0.066 Ohms.,Thunder Power TP5200 (G4 ProRace 50C) (50C); 12 cells; 5200mAh @ 3.7V; 0.001 Ohms/cell.,15/700 Direct Drive Propellers; 4 motors (parallel); 4 motors/prop; 8x9 (Pconst=1.31; Tconst=0.95) direct drive.,Suppo 200A; 4 controls (separate); 0.0008 Ohms; High rate.
123,,Plettenberg HP 370/50/A2; 360rpm/V; 1.706A no-load; 0.066 Ohms.,Thunder Power TP5200 (G4 ProRace 50C) (50C); 12 cells; 5200mAh @ 3.7V; 0.001 Ohms/cell.,15/700 Direct Drive Propellers; 4 motors (parallel); 4 motors/prop; 8x9 (Pconst=1.31; Tconst=0.95) direct drive.,Suppo 200A; 4 controls (separate); 0.0008 Ohms; High rate.
124,,Plettenberg HP 370/50/A2; 360rpm/V; 1.706A no-load; 0.066 Ohms.,Thunder Power TP5200 (G4 ProRace 50C) (50C); 12 cells; 5200mAh @ 3.7V; 0.001 Ohms/cell.,15/700 Direct Drive Propellers; 4 motors (parallel); 4 motors/prop; 8x9 (Pconst=1.31; Tconst=0.95) direct drive.,Suppo 200A; 4 controls (separate); 0.0008 Ohms; High rate.
125,,Plettenberg HP 370/50/A2; 360rpm/V; 1.706A no-load; 0.066 Ohms.,Thunder Power TP5200 (G4 ProRace 50C) (50C); 12 cells; 5200mAh @ 3.7V; 0.001 Ohms/cell.,15/700 Direct Drive Propellers; 4 motors (parallel); 4 motors/prop; 8x9 (Pconst=1.31; Tconst=0.95) direct drive.,Suppo 200A; 4 controls (separate); 0.0008 Ohms; High rate.
126,,Plettenberg HP 370/50/A2; 360rpm/V; 1.706A no-load; 0.066 Ohms.,Thunder Power TP5200 (G4 ProRace 50C) (50C); 12 cells; 5200mAh @ 3.7V; 0.001 Ohms/cell.,15/700 Direct Drive Propellers; 4 motors (parallel); 4 motors/prop; 8x9 (Pconst=1.31; Tconst=0.95) direct drive.,Suppo 200A; 4 controls (separate); 0.0008 Ohms; High rate.
127,,Plettenberg HP 370/50/A2; 360rpm/V; 1.706A no-load; 0.066 Ohms.,Thunder Power TP5200 (G4 ProRace 50C) (50C); 12 cells; 5200mAh @ 3.7V; 0.001 Ohms/cell.,15/700 Direct Drive Propellers; 4 motors (parallel); 4 motors/prop; 8x9 (Pconst=1.31; Tconst=0.95) direct drive.,Suppo 200A; 4 controls (separate); 0.0008 Ohms; High rate.
128,,Plettenberg HP 370/50/A2; 360rpm/V; 1.706A no-load; 0.066 Ohms.,Thunder Power TP5200 (G4 ProRace 50C) (50C); 12 cells; 5200mAh @ 3.7V; 0.001 Ohms/cell.,15/700 Direct Drive Propellers; 4 motors (parallel); 4 motors/prop; 8x9 (Pconst=1.31; Tconst=0.95) direct drive.,Suppo 200A; 4 controls (separate); 0.0008 Ohms; High rate.
129,,Plettenberg HP 370/50/A2; 360rpm/V; 1.706A no-load; 0.066 Ohms.,Thunder Power TP5200 (G4 ProRace 50C) (50C); 12 cells; 5200mAh @ 3.7V; 0.001 Ohms/cell.,15/700 Direct Drive Propellers; 4 motors (parallel); 4 motors/prop; 8x9 (Pconst=1.31; Tconst=0.95) direct drive.,Suppo 200A; 4 controls (separate); 0.0008 Ohms; High rate.
130,,Plettenberg HP 370/50/A2; 360rpm/V; 1.706A no-load; 0.066 Ohms.,Thunder Power TP5200 (G4 ProRace 50C) (50C); 12 cells; 5200mAh @ 3.7V; 0.001 Ohms/cell.,15/700 Direct Drive Propellers; 4 motors (parallel); 4 motors/prop; 8x9 (Pconst=1.31; Tconst=0.95) direct drive.,Suppo 200A; 4 controls (separate); 0.0008 Ohms; High rate.
131,,Plettenberg HP 370/50/A2; 360rpm/V; 1.706A no-load; 0.066 Ohms.,Thunder Power TP5200 (G4 ProRace 50C) (50C); 12 cells; 5200mAh @ 3.7V; 0.001 Ohms/cell.,15/700 Direct Drive Propellers; 4 motors (parallel); 4 motors/prop; 8x9 (Pconst=1.31; Tconst=0.95) direct drive.,Suppo 200A; 4 controls (separate); 0.0008 Ohms; High rate.
132,,Plettenberg HP 370/50/A2; 360rpm/V; 1.706A no-load; 0.066 Ohms.,Thunder Power TP5200 (G4 ProRace 50C) (50C); 12 cells; 5200mAh @ 3.7V; 0.001 Ohms/cell.,15/700 Direct Drive Propellers; 4 motors (parallel); 4 motors/prop; 8x9 (Pconst=1.31; Tconst=0.95) direct drive.,Suppo 200A; 4 controls (separate); 0.0008 Ohms; High rate.
133,,Plettenberg HP 370/50/A2; 360rpm/V; 1.706A no-load; 0.066 Ohms.,Thunder Power TP5200 (G4 ProRace 50C) (50C); 12 cells; 5200mAh @ 3.7V; 0.001 Ohms/cell.,15/700 Direct Drive Propellers; 4 motors (parallel); 4 motors/prop; 8x9 (Pconst=1.31; Tconst=0.95) direct drive.,Suppo 200A; 4 controls (separate); 0.0008 Ohms; High rate.
134,,Plettenberg HP 370/50/A2; 360rpm/V; 1.706A no-load; 0.066 Ohms.,Thunder Power TP5200 (G4 ProRace 50C) (50C); 12 cells; 5200mAh @ 3.7V; 0.001 Ohms/cell.,15/700 Direct Drive Propellers; 4 motors (parallel); 4 motors/prop; 8x9 (Pconst=1.31; Tconst=0.95) direct drive.,Suppo 200A; 4 controls (separate); 0.0008 Ohms; High rate.
135,,Plettenberg HP 370/50/A2; 360rpm/V; 1.706A no-load; 0.066 Ohms.,Thunder Power TP5200 (G4 ProRace 50C) (50C); 12 cells; 5200mAh @ 3.7V; 0.001 Ohms/cell.,15/700 Direct Drive Propellers; 4 motors (parallel); 4 motors/prop; 8x9 (Pconst=1.31; Tconst=0.95) direct drive.,Suppo 200A; 4 controls (separate); 0.0008 Ohms; High rate.
136,,Plettenberg HP 370/50/A2; 360rpm/V; 1.706A no-load; 0.066 Ohms.,Thunder Power TP5200 (G4 ProRace 50C) (50C); 12 cells; 5200mAh @ 3.7V; 0.001 Ohms/cell.,15/700 Direct Drive Propellers; 4 motors (parallel); 4 motors/prop; 8x9 (Pconst=1.31; Tconst=0.95) direct drive.,Suppo 200A; 4 controls (separate); 0.0008 Ohms; High rate.
137,,Plettenberg HP 370/50/A2; 360rpm/V; 1.706A no-load; 0.066 Ohms.,Thunder Power TP5200 (G4 ProRace 50C) (50C); 12 cells; 5200mAh @ 3.7V; 0.001 Ohms/cell.,15/700 Direct Drive Propellers; 4 motors (parallel); 4 motors/prop; 8x9 (Pconst=1.31; Tconst=0.95) direct drive.,Suppo 200A; 4 controls (separate); 0.0008 Ohms; High rate.
138,,Plettenberg HP 370/50/A2; 360rpm/V; 1.706A no-load; 0.066 Ohms.,Thunder Power TP5200 (G4 ProRace 50C) (50C); 12 cells; 5200mAh @ 3.7V; 0.001 Ohms/cell.,15/700 Direct Drive Propellers; 4 motors (parallel); 4 motors/prop; 8x9 (Pconst=1.31; Tconst=0.95) direct drive.,Suppo 200A; 4 controls (separate); 0.0008 Ohms; High rate.
139,,Plettenberg HP 370/50/A2; 360rpm/V; 1.706A no-load; 0.066 Ohms.,Thunder Power TP5200 (G4 ProRace 50C) (50C); 12 cells; 5200mAh @ 3.7V; 0.001 Ohms/cell.,15/700 Direct Drive Propellers; 4 motors (parallel); 4 motors/prop; 8x9 (Pconst=1.31; Tconst=0.95) direct drive.,Suppo 200A; 4 controls (separate); 0.0008 Ohms; High rate.
140,,Plettenberg HP 370/50/A2; 360rpm/V; 1.706A no-load; 0.066 Ohms.,Thunder Power TP5200 (G4 ProRace 50C) (50C); 12 cells; 5200mAh @ 3.7V; 0.001 Ohms/cell.,15/700 Direct Drive Propellers; 4 motors (parallel); 4 motors/prop; 8x9 (Pconst=1.31; Tconst=0.95) direct drive.,Suppo 200A; 4 controls (separate); 0.0008 Ohms; High rate.
141,,Plettenberg HP 370/50/A2; 360rpm/V; 1.706A no-load; 0.066 Ohms.,Thunder Power TP5200 (G4 ProRace 50C) (50C); 12 cells; 5200mAh @ 3.7V; 0.001 Ohms/cell.,15/700 Direct Drive Propellers; 4 motors (parallel); 4 motors/prop; 8x9 (Pconst=1.31; Tconst=0.95) direct drive.,Suppo 200A; 4 controls (separate); 0.0008 Ohms; High rate.
142,,Plettenberg HP 370/50/A2; 360rpm/V; 1.706A no-load; 0.066 Ohms.,Thunder Power TP5200 (G4 ProRace 50C) (50C); 12 cells; 5200mAh @ 3.7V; 0.001 Ohms/cell.,15/700 Direct Drive Propellers; 4 motors (parallel); 4 motors/prop; 8x9 (Pconst=1.31; Tconst=0.95) direct drive.,Suppo 200A; 4 controls (separate); 0.0008 Ohms; High rate.
143,,Plettenberg HP 370/50/A2; 360rpm/V; 1.706A no-load; 0.066 Ohms.,Thunder Power TP5200 (G4 ProRace 50C) (50C); 12 cells; 5200mAh @ 3.7V; 0.001 Ohms/cell.,15/700 Direct Drive Propellers; 4 motors (parallel); 4 motors/prop; 8x9 (Pconst=1.31; Tconst=0.95) direct drive.,Suppo 200A; 4 controls (separate); 0.0008 Ohms; High rate.
144,,Plettenberg HP 370/50/A2; 360rpm/V; 1.706A no-load; 0.066 Ohms.,Thunder Power TP5200 (G4 ProRace 50C) (50C); 12 cells; 5200mAh @ 3.7V; 0.001 Ohms/cell.,15/700 Direct Drive Propellers; 4 motors (parallel); 4 motors/prop; 8x9 (Pconst=1.31; Tconst=0.95) direct drive.,Suppo 200A; 4 controls (separate); 0.0008 Ohms; High rate.
145,,Plettenberg HP 370/50/A2; 360rpm/V; 1.706A no-load; 0.066 Ohms.,Thunder Power TP5200 (G4 ProRace 50C) (50C); 12 cells; 5200mAh @ 3.7V; 0.001 Ohms/cell.,15/700 Direct Drive Propellers; 4 motors (parallel); 4 motors/prop; 8x9 (Pconst=1.31; Tconst=0.95) direct drive.,Suppo 200A; 4 controls (separate); 0.0008 Ohms; High rate.
146,,Plettenberg HP 370/50/A2; 360rpm/V; 1.706A no-load; 0.066 Ohms.,Thunder Power TP5200 (G4 ProRace 50C) (50C); 12 cells; 5200mAh @ 3.7V; 0.001 Ohms/cell.,15/700 Direct Drive Propellers; 4 motors (parallel); 4 motors/prop; 8x9 (Pconst=1.31; Tconst=0.95) direct drive.,Suppo 200A; 4 controls (separate); 0.0008 Ohms; High rate.
147,,Plettenberg HP 370/50/A2; 360rpm/V; 1.706A no-load; 0.066 Ohms.,Thunder Power TP5200 (G4 ProRace 50C) (50C); 12 cells; 5200mAh @ 3.7V; 0.001 Ohms/cell.,15/700 Direct Drive Propellers; 4 motors (parallel); 4 motors/prop; 8x9 (Pconst=1.31; Tconst=0.95) direct drive.,Suppo 200A; 4 controls (separate); 0.0008 Ohms; High rate.
148,,Plettenberg HP 370/50/A2; 360rpm/V; 1.706A no-load; 0.066 Ohms.,Thunder Power TP5200 (G4 ProRace 50C) (50C); 12 cells; 5200mAh @ 3.7V; 0.001 Ohms/cell.,15/700 Direct Drive Propellers; 4 motors (parallel); 4 motors/prop; 8x9 (Pconst=1.31; Tconst=0.95) direct drive.,Suppo 200A; 4 controls (separate); 0.0008 Ohms; High rate.
149,,Plettenberg HP 370/50/A2; 360rpm/V; 1.706A no-load; 0.066 Ohms.,Thunder Power TP5200 (G4 ProRace 50C) (50C); 12 cells; 5200mAh @ 3.7V; 0.001 Ohms/cell.,15/700 Direct Drive Propellers; 4 motors (parallel); 4 motors/prop; 8x9 (Pconst=1.31; Tconst=0.95) direct drive.,Suppo 200A; 4 controls (separate); 0.0008 Ohms; High rate.
150,,Plettenberg HP 370/50/A2; 360rpm/V; 1.706A no-load; 0.066 Ohms.,Thunder Power TP5200 (G4 ProRace 50C) (50C); 12 cells; 5200mAh @ 3.7V; 0.001 Ohms/cell.,15/700 Direct Drive Propellers; 4 motors (parallel); 4 motors/prop; 8x9 (Pconst=1.31; Tconst=0.95) direct drive.,Suppo 200A; 4 controls (separate); 0.0008 Ohms; High rate.
151,,Plettenberg HP 370/50/A2; 360rpm/V; 1.706A no-load; 0.066 Ohms.,Thunder Power TP5200 (G4 ProRace 50C) (50C); 12 cells; 5200mAh @ 3.7V; 0.001 Ohms/cell.,15/700 Direct Drive Propellers; 4 motors (parallel); 4 motors/prop; 8x9 (Pconst=1.31; Tconst=0.95) direct drive.,Suppo 200A; 4 controls (separate); 0.0008 Ohms; High rate.
152,,Plettenberg HP 370/50/A2; 360rpm/V; 1.706A no-load; 0.066 Ohms.,Thunder Power TP5200 (G4 ProRace 50C) (50C); 12 cells; 5200mAh @ 3.7V; 0.001 Ohms/cell.,15/700 Direct Drive Propellers; 4 motors (parallel); 4 motors/prop; 8x9 (Pconst=1.31; Tconst=0.95) direct drive.,Suppo 200A; 4 controls (separate); 0.0008 Ohms; High rate.
153,,Plettenberg HP 370/50/A2; 360rpm/V; 1.706A no-load; 0.066 Ohms.,Thunder Power TP5200 (G4 ProRace 50C) (50C); 12 cells; 5200mAh @ 3.7V; 0.001 Ohms/cell.,15/700 Direct Drive Propellers; 4 motors (parallel); 4 motors/prop; 8x9 (Pconst=1.31; Tconst=0.95) direct drive.,Suppo 200A; 4 controls (separate); 0.0008 Ohms; High rate.
154,,Plettenberg HP 370/50/A2; 360rpm/V; 1.706A no-load; 0.066 Ohms.,Thunder Power TP5200 (G4 ProRace 50C) (50C); 12 cells; 5200mAh @ 3.7V; 0.001 Ohms/cell.,15/700 Direct Drive Propellers; 4 motors (parallel); 4 motors/prop; 8x9 (Pconst=1.31; Tconst=0.95) direct drive.,Suppo 200A; 4 controls (separate); 0.0008 Ohms; High rate.
155,,Plettenberg HP 370/50/A2; 360rpm/V; 1.706A no-load; 0.066 Ohms.,Thunder Power TP5200 (G4 ProRace 50C) (50C); 12 cells; 5200mAh @ 3.7V; 0.001 Ohms/cell.,15/700 Direct Drive Propellers; 4 motors (parallel); 4 motors/prop; 8x9 (Pconst=1.31; Tconst=0.95) direct drive.,Suppo 200A; 4 controls (separate); 0.0008 Ohms; High rate.
156,,Plettenberg HP 370/50/A2; 360rpm/V; 1.706A no-load; 0.066 Ohms.,Thunder Power TP5200 (G4 ProRace 50C) (50C); 12 cells; 5200mAh @ 3.7V; 0.001 Ohms/cell.,15/700 Direct Drive Propellers; 4 motors (parallel); 4 motors/prop; 8x9 (Pconst=1.31; Tconst=0.95) direct drive.,Suppo 200A; 4 controls (separate); 0.0008 Ohms; High rate.
157,,Plettenberg HP 370/50/A2; 360rpm/V; 1.706A no-load; 0.066 Ohms.,Thunder Power TP5200 (G4 ProRace 50C) (50C); 12 cells; 5200mAh @ 3.7V; 0.001 Ohms/cell.,15/700 Direct Drive Propellers; 4 motors (parallel); 4 motors/prop; 8x9 (Pconst=1.31; Tconst=0.95) direct drive.,Suppo 200A; 4 controls (separate); 0.0008 Ohms; High rate.
158,,Plettenberg HP 370/50/A2; 360rpm/V; 1.706A no-load; 0.066 Ohms.,Thunder Power TP5200 (G4 ProRace 50C) (50C); 12 cells; 5200mAh @ 3.7V; 0.001 Ohms/cell.,15/700 Direct Drive Propellers; 4 motors (parallel); 4 motors/prop; 8x9 (Pconst=1.31; Tconst=0.95) direct drive.,Suppo 200A; 4 controls (separate); 0.0008 Ohms; High rate.
159,,Plettenberg HP 370/50/A2; 360rpm/V; 1.706A no-load; 0.066 Ohms.,Thunder Power TP5200 (G4 ProRace 50C) (50C); 12 cells; 5200mAh @ 3.7V; 0.001 Ohms/cell.,15/700 Direct Drive Propellers; 4 motors (parallel); 4 motors/prop; 8x9 (Pconst=1.31; Tconst=0.95) direct drive.,Suppo 200A; 4 controls (separate); 0.0008 Ohms; High rate.
160,,Plettenberg HP 370/50/A2; 360rpm/V; 1.706A no-load; 0.066 Ohms.,Thunder Power TP5200 (G4 ProRace 50C) (50C); 12 cells; 5200mAh @ 3.7V; 0.001 Ohms/cell.,15/700 Direct Drive Propellers; 4 motors (parallel); 4 motors/prop; 8x9 (Pconst=1.31; Tconst=0.95) direct drive.,Suppo 200A; 4 controls (separate); 0.0008 Ohms; High rate.
161,,Plettenberg HP 370/50/A2; 360rpm/V; 1.706A no-load; 0.066 Ohms.,Thunder Power TP5200 (G4 ProRace 50C) (50C); 12 cells; 5200mAh @ 3.7V; 0.001 Ohms/cell.,15/700 Direct Drive Propellers; 4 motors (parallel); 4 motors/prop; 8x9 (Pconst=1.31; Tconst=0.95) direct drive.,Suppo 200A; 4 controls (separate); 0.0008 Ohms; High rate.
162,,Plettenberg HP 370/50/A2; 360rpm/V; 1.706A no-load; 0.066 Ohms.,Thunder Power TP5200 (G4 ProRace 50C) (50C); 12 cells; 5200mAh @ 3.7V; 0.001 Ohms/cell.,15/700 Direct Drive Propellers; 4 motors (parallel); 4 motors/prop; 8x9 (Pconst=1.31; Tconst=0.95) direct drive.,Suppo 200A; 4 controls (separate); 0.0008 Ohms; High rate.
163,,Plettenberg HP 370/50/A2; 360rpm/V; 1.706A no-load; 0.066 Ohms.,Thunder Power TP5200 (G4 ProRace 50C) (50C); 12 cells; 5200mAh @ 3.7V; 0.001 Ohms/cell.,15/700 Direct Drive Propellers; 4 motors (parallel); 4 motors/prop; 8x9 (Pconst=1.31; Tconst=0.95) direct drive.,Suppo 200A; 4 controls (separate); 0.0008 Ohms; High rate.
164,,Plettenberg HP 370/50/A2; 360rpm/V; 1.706A no-load; 0.066 Ohms.,Thunder Power TP5200 (G4 ProRace 50C) (50C); 12 cells; 5200mAh @ 3.7V; 0.001 Ohms/cell.,15/700 Direct Drive Propellers; 4 motors (parallel); 4 motors/prop; 8x9 (Pconst=1.31; Tconst=0.95) direct drive.,Suppo 200A; 4 controls (separate); 0.0008 Ohms; High rate.
165,,Plettenberg HP 370/50/A2; 360rpm/V; 1.706A no-load; 0.066 Ohms.,Thunder Power TP5200 (G4 ProRace 50C) (50C); 12 cells; 5200mAh @ 3.7V; 0.001 Ohms/cell.,15/700 Direct Drive Propellers; 4 motors (parallel); 4 motors/prop; 8x9 (Pconst=1.31; Tconst=0.95) direct drive.,Suppo 200A; 4 controls (separate); 0.0008 Ohms; High rate.
166,,Plettenberg HP 370/50/A2; 360rpm/V; 1.706A no-load; 0.066 Ohms.,Thunder Power TP5200 (G4 ProRace 50C) (50C); 12 cells; 5200mAh @ 3.7V; 0.001 Ohms/cell.,15/700 Direct Drive Propellers; 4 motors (parallel); 4 motors/prop; 8x9 (Pconst=1.31; Tconst=0.95) direct drive.,Suppo 200A; 4 controls (separate); 0.0008 Ohms; High rate.
167,,Plettenberg HP 370/50/A2; 360rpm/V; 1.706A no-load; 0.066 Ohms.,Thunder Power TP5200 (G4 ProRace 50C) (50C); 12 cells; 5200mAh @ 3.7V; 0.001 Ohms/cell.,15/700 Direct Drive Propellers; 4 motors (parallel); 4 motors/prop; 8x9 (Pconst=1.31; Tconst=0.95) direct drive.,Suppo 200A; 4 controls (separate); 0.0008 Ohms; High rate.
168,,Plettenberg HP 370/50/A2; 360rpm/V; 1.706A no-load; 0.066 Ohms.,Thunder Power TP5200 (G4 ProRace 50C) (50C); 12 cells; 5200mAh @ 3.7V; 0.001 Ohms/cell.,15/700 Direct Drive Propellers; 4 motors (parallel); 4 motors/prop; 8x9 (Pconst=1.31; Tconst=0.95) direct drive.,Suppo 200A; 4 controls (separate); 0.0008 Ohms; High rate.
169,,Plettenberg HP 370/50/A2; 360rpm/V; 1.706A no-load; 0.066 Ohms.,Thunder Power TP5200 (G4 ProRace 50C) (50C); 12 cells; 5200mAh @ 3.7V; 0.001 Ohms/cell.,15/700 Direct Drive Propellers; 4 motors (parallel); 4 motors/prop; 8x9 (Pconst=1.31; Tconst=0.95) direct drive.,Suppo 200A; 4 controls (separate); 0.0008 Ohms; High rate.
170,,Plettenberg HP 370/50/A2; 360rpm/V; 1.706A no-load; 0.066 Ohms.,Thunder Power TP5200 (G4 ProRace 50C) (50C); 12 cells; 5200mAh @ 3.7V; 0.001 Ohms/cell.,15/700 Direct Drive Propellers; 4 motors (parallel); 4 motors/prop; 8x9 (Pconst=1.31; Tconst=0.95) direct drive.,Suppo 200A; 4 controls (separate); 0.0008 Ohms; High rate.
